                  epoch,         train/box_loss,         train/cls_loss,         train/dfl_loss,   metrics/precision(B),      metrics/recall(B),       metrics/mAP50(B),    metrics/mAP50-95(B),           val/box_loss,           val/cls_loss,           val/dfl_loss,                 lr/pg0,                 lr/pg1,                 lr/pg2
                      1,                0.52869,                0.43744,                0.88921,                0.66045,                 0.5875,                0.54276,                0.37561,                 1.2532,                 1.3771,                 1.4724,                0.00048,                0.00048,                0.00048
                      2,                0.89251,                0.76669,                 1.0297,                0.54312,                 0.2625,                0.24729,                0.17001,                 1.3191,                 1.4434,                 1.4413,             0.00078596,             0.00078596,             0.00078596
                      3,                 1.0485,                0.98014,                 1.1338,                0.20082,                    0.1,                0.04705,                0.03165,                 1.3062,                 2.9699,                 1.3551,             0.00089392,             0.00089392,             0.00089392
                      4,                 1.1148,                 1.0451,                 1.1596,                0.62141,                 0.1625,                0.15377,                0.09875,                 1.2286,                 1.4907,                 1.3466,             0.00080388,             0.00080388,             0.00080388
                      5,                 1.1232,                  1.012,                 1.1832,                0.62877,                 0.3125,                0.29178,                0.20981,                 1.1861,                 1.1971,                 1.3848,               0.000416,               0.000416,               0.000416
