                  epoch,         train/box_loss,         train/cls_loss,         train/dfl_loss,   metrics/precision(B),      metrics/recall(B),       metrics/mAP50(B),    metrics/mAP50-95(B),           val/box_loss,           val/cls_loss,           val/dfl_loss,                 lr/pg0,                 lr/pg1,                 lr/pg2
                      1,                0.46838,                0.35371,                0.85792,                0.74401,                  0.575,                0.64842,                0.41487,                 1.4013,                  1.455,                 1.4975,                0.00048,                0.00048,                0.00048
                      2,                0.94294,                0.80486,                 1.0671,                0.88972,                 0.3625,                0.43474,                0.29477,                  1.419,                 1.8961,                 1.4361,             0.00078596,             0.00078596,             0.00078596
                      3,                 1.1052,                 1.0327,                 1.1551,                0.35922,                   0.05,                0.04204,                 0.0288,                 1.4031,                 1.8721,                  1.515,             0.00089392,             0.00089392,             0.00089392
                      4,                 1.1352,                 1.0894,                 1.1803,                0.15668,                 0.0625,                 0.0303,                0.02205,                 1.3806,                 1.7278,                 1.5076,             0.00080388,             0.00080388,             0.00080388
                      5,                 1.1236,                 1.0479,                 1.1737,                0.46508,                 0.1375,                 0.1177,                0.06835,                 1.3047,                 1.3515,                  1.443,               0.000416,               0.000416,               0.000416
