                  epoch,         train/box_loss,         train/cls_loss,         train/dfl_loss,   metrics/precision(B),      metrics/recall(B),       metrics/mAP50(B),    metrics/mAP50-95(B),           val/box_loss,           val/cls_loss,           val/dfl_loss,                 lr/pg0,                 lr/pg1,                 lr/pg2
                      1,                0.52063,                0.43323,                0.88205,                0.69503,                  0.575,                0.56776,                 0.3821,                 1.3064,                  1.467,                 1.4904,                0.00048,                0.00048,                0.00048
                      2,                0.88512,                0.78224,                 1.0275,                0.59372,                    0.4,                  0.389,                0.23973,                 1.4812,                 1.8363,                 1.5126,             0.00078596,             0.00078596,             0.00078596
                      3,                  1.057,                 0.9673,                 1.1323,                 0.5862,                 0.5125,                0.54166,                0.34088,                 1.3545,                 1.5872,                 1.3918,             0.00089392,             0.00089392,             0.00089392
                      4,                 1.1302,                 1.0302,                 1.1747,                0.36852,                0.17508,                0.16062,                 0.1031,                  1.195,                 1.2701,                 1.2969,             0.00080388,             0.00080388,             0.00080388
                      5,                 1.1364,                 1.0325,                  1.188,                0.38298,                 0.1625,                 0.1451,                0.11638,                 1.1032,                 1.2453,                 1.2514,               0.000416,               0.000416,               0.000416
