                  epoch,         train/box_loss,         train/cls_loss,         train/dfl_loss,   metrics/precision(B),      metrics/recall(B),       metrics/mAP50(B),    metrics/mAP50-95(B),           val/box_loss,           val/cls_loss,           val/dfl_loss,                 lr/pg0,                 lr/pg1,                 lr/pg2
                      1,                0.43728,                0.32779,                0.84833,                0.74563,                 0.5875,                0.61015,                0.37124,                 1.3854,                 1.5179,                 1.4715,                0.00048,                0.00048,                0.00048
                      2,                0.97063,                0.80358,                 1.0712,                0.63812,                 0.4625,                0.48163,                0.32654,                 1.2657,                 1.2545,                 1.3079,             0.00078596,             0.00078596,             0.00078596
                      3,                 1.0835,                 1.0268,                 1.1541,                0.52543,                 0.1875,                0.17541,                0.11463,                 1.2423,                 1.9424,                 1.3912,             0.00089392,             0.00089392,             0.00089392
                      4,                 1.1577,                 1.0947,                  1.184,                0.70675,                 0.2375,                 0.2417,                0.14897,                 1.1547,                 1.5675,                 1.2255,             0.00080388,             0.00080388,             0.00080388
                      5,                 1.1321,                 1.0297,                 1.1941,                0.74326,                 0.3375,                 0.3687,                 0.2576,                 1.2159,                 1.2581,                 1.3551,               0.000416,               0.000416,               0.000416
