                  epoch,         train/box_loss,         train/cls_loss,         train/dfl_loss,   metrics/precision(B),      metrics/recall(B),       metrics/mAP50(B),    metrics/mAP50-95(B),           val/box_loss,           val/cls_loss,           val/dfl_loss,                 lr/pg0,                 lr/pg1,                 lr/pg2
                      1,                 0.6215,                0.49107,                0.92325,                0.64466,                   0.25,                0.22446,                0.14724,                 1.2331,                 1.3175,                 1.3653,                0.00048,                0.00048,                0.00048
                      2,                0.98013,                 0.8627,                 1.0772,                0.71555,                 0.3875,                0.38371,                0.25394,                 1.4104,                 1.5811,                 1.4948,             0.00078596,             0.00078596,             0.00078596
                      3,                 1.0531,                 1.0147,                 1.1302,                0.34721,                   0.15,                0.11702,                0.08696,                  1.189,                 2.4021,                 1.3122,             0.00089392,             0.00089392,             0.00089392
                      4,                 1.1324,                 1.0324,                 1.1643,                0.16337,                  0.075,                0.05511,                0.04607,                 1.1776,                 1.5476,                 1.3515,             0.00080388,             0.00080388,             0.00080388
                      5,                 1.1024,                 1.0182,                 1.1768,                0.48314,                 0.1625,                0.14678,                0.11573,                 1.0095,                 1.2895,                 1.1724,               0.000416,               0.000416,               0.000416
