                  epoch,         train/box_loss,         train/cls_loss,         train/dfl_loss,   metrics/precision(B),      metrics/recall(B),       metrics/mAP50(B),    metrics/mAP50-95(B),           val/box_loss,           val/cls_loss,           val/dfl_loss,                 lr/pg0,                 lr/pg1,                 lr/pg2
                      1,                 1.0905,                 1.0921,                 1.1643,                0.50696,                 0.1875,                0.17551,                0.12136,                 1.1991,                 1.3923,                 1.2705,                0.00048,                0.00048,                0.00048
                      2,                 1.3096,                 1.3765,                 1.2836,                0.43193,                   0.15,                0.11671,                0.06681,                 1.5401,                 1.9446,                 1.5073,             0.00078596,             0.00078596,             0.00078596
                      3,                 1.3584,                 1.3821,                 1.2947,                0.34244,                 0.1125,                0.07566,                0.04421,                 1.3496,                 1.9195,                  1.383,             0.00089392,             0.00089392,             0.00089392
                      4,                 1.3001,                 1.2895,                 1.2688,                0.59345,                 0.1375,                0.14484,                0.10978,                 1.2262,                 1.7628,                 1.3463,             0.00080388,             0.00080388,             0.00080388
                      5,                 1.2479,                 1.1848,                 1.2466,                 0.5634,                  0.175,                0.14619,                0.10653,                 1.2661,                 1.3776,                   1.34,               0.000416,               0.000416,               0.000416
