                  epoch,         train/box_loss,         train/cls_loss,         train/dfl_loss,   metrics/precision(B),      metrics/recall(B),       metrics/mAP50(B),    metrics/mAP50-95(B),           val/box_loss,           val/cls_loss,           val/dfl_loss,                 lr/pg0,                 lr/pg1,                 lr/pg2
                      1,                 1.3016,                 1.3444,                 1.2837,                0.52466,                 0.1625,                0.14872,                0.09582,                 1.2519,                 1.3458,                 1.4102,                0.00048,                0.00048,                0.00048
                      2,                  1.303,                 1.3167,                 1.2781,                0.48586,                0.11828,                0.11468,                0.07367,                  1.348,                 1.5856,                 1.4302,             0.00078596,             0.00078596,             0.00078596
                      3,                 1.3209,                 1.3471,                 1.2707,                0.45963,                 0.1625,                0.12077,                0.07424,                 1.3722,                 1.7148,                 1.4477,             0.00089392,             0.00089392,             0.00089392
                      4,                 1.2979,                  1.301,                 1.2758,                0.38263,                 0.1625,                 0.1122,                0.07776,                 1.1729,                 1.7355,                 1.2826,             0.00080388,             0.00080388,             0.00080388
                      5,                 1.2409,                  1.203,                 1.2502,                0.63179,                 0.1375,                 0.1295,                0.09275,                 1.1175,                  1.229,                 1.1953,               0.000416,               0.000416,               0.000416
