                  epoch,         train/box_loss,         train/cls_loss,         train/dfl_loss,   metrics/precision(B),      metrics/recall(B),       metrics/mAP50(B),    metrics/mAP50-95(B),           val/box_loss,           val/cls_loss,           val/dfl_loss,                 lr/pg0,                 lr/pg1,                 lr/pg2
                      1,                0.49547,                0.39314,                0.86835,                0.74874,                 0.5875,                0.63371,                0.45452,                 1.2079,                 1.3803,                 1.4115,                0.00048,                0.00048,                0.00048
                      2,                0.91332,                0.77175,                 1.0387,                0.76981,                  0.475,                0.58205,                0.37975,                 1.3284,                 1.6449,                 1.4513,             0.00078596,             0.00078596,             0.00078596
                      3,                 1.0649,                0.99509,                 1.1295,                0.41543,                  0.075,                0.05414,                0.03536,                 1.3403,                 2.6064,                  1.482,             0.00089392,             0.00089392,             0.00089392
                      4,                 1.1291,                 1.0357,                 1.1575,                0.36771,                  0.175,                0.13743,                0.09459,                 1.1694,                  1.849,                 1.3267,             0.00080388,             0.00080388,             0.00080388
                      5,                 1.1285,                 1.0214,                 1.1867,                0.67693,                   0.65,                 0.6389,                0.42399,                 1.2497,                  1.169,                 1.3772,               0.000416,               0.000416,               0.000416
