                  epoch,         train/box_loss,         train/cls_loss,         train/dfl_loss,   metrics/precision(B),      metrics/recall(B),       metrics/mAP50(B),    metrics/mAP50-95(B),           val/box_loss,           val/cls_loss,           val/dfl_loss,                 lr/pg0,                 lr/pg1,                 lr/pg2
                      1,                0.42974,                0.32288,                0.84609,                 0.6499,                0.64971,                0.62258,                0.38089,                 1.4806,                   1.57,                 1.5794,                0.00048,                0.00048,                0.00048
                      2,                0.97484,                0.79135,                 1.0767,                0.63077,                 0.2625,                0.22456,                0.13864,                 1.2846,                 1.5772,                 1.4901,             0.00078596,             0.00078596,             0.00078596
                      3,                 1.0763,                 1.0096,                 1.1476,                0.62437,                 0.2125,                0.20399,                0.13232,                 1.3416,                 1.9316,                  1.536,             0.00089392,             0.00089392,             0.00089392
                      4,                 1.1242,                 1.0516,                 1.1705,                0.66635,                  0.225,                0.20247,                0.13168,                 1.2048,                 1.5781,                 1.3624,             0.00080388,             0.00080388,             0.00080388
                      5,                 1.1435,                 1.0281,                 1.1927,                0.77258,                  0.575,                0.61632,                0.42293,                 1.2082,                 1.3363,                 1.3774,               0.000416,               0.000416,               0.000416
