                  epoch,         train/box_loss,         train/cls_loss,         train/dfl_loss,   metrics/precision(B),      metrics/recall(B),       metrics/mAP50(B),    metrics/mAP50-95(B),           val/box_loss,           val/cls_loss,           val/dfl_loss,                 lr/pg0,                 lr/pg1,                 lr/pg2
                      1,                0.70286,                0.57636,                0.96161,                0.53825,                   0.25,                0.25532,                0.17493,                 1.1627,                 1.2416,                 1.3634,                0.00048,                0.00048,                0.00048
                      2,                0.94822,                0.81728,                  1.061,                0.25271,                 0.1625,                0.08824,                0.05805,                 1.5218,                 1.6171,                 1.5328,             0.00078596,             0.00078596,             0.00078596
                      3,                 1.0299,                0.96357,                 1.1163,                0.18955,                  0.075,                0.04541,                0.03282,                 1.1897,                 2.0239,                 1.4149,             0.00089392,             0.00089392,             0.00089392
                      4,                 1.1294,                 1.0384,                 1.1574,                0.37209,                  0.175,                0.15496,                0.10998,                 1.2427,                 1.3572,                 1.3515,             0.00080388,             0.00080388,             0.00080388
                      5,                 1.1037,                 0.9923,                 1.1571,                0.46472,                 0.1875,                0.15162,                0.10252,                 1.3095,                 1.2913,                 1.3919,               0.000416,               0.000416,               0.000416
