                  epoch,         train/box_loss,         train/cls_loss,         train/dfl_loss,   metrics/precision(B),      metrics/recall(B),       metrics/mAP50(B),    metrics/mAP50-95(B),           val/box_loss,           val/cls_loss,           val/dfl_loss,                 lr/pg0,                 lr/pg1,                 lr/pg2
                      1,                0.40887,                0.32519,                0.84582,                0.71119,                    0.6,                0.65035,                0.45348,                 1.3547,                 1.3259,                 1.5197,                0.00048,                0.00048,                0.00048
                      2,                0.91663,                0.78373,                 1.0512,                0.21219,                 0.1375,                0.10338,                0.08026,                  1.389,                 1.9989,                 1.5617,             0.00078596,             0.00078596,             0.00078596
                      3,                 1.0744,                 1.0048,                 1.1477,                0.57101,                   0.15,                0.17465,                0.10786,                 1.2475,                 2.7435,                 1.3601,             0.00089392,             0.00089392,             0.00089392
                      4,                 1.1339,                  1.043,                 1.1713,                0.67257,                  0.325,                0.37282,                0.24949,                 1.2769,                 1.4859,                 1.4091,             0.00080388,             0.00080388,             0.00080388
                      5,                 1.1563,                 1.0305,                 1.1999,                0.48707,                   0.15,                0.13129,                0.10063,                 1.1457,                 1.2539,                 1.3337,               0.000416,               0.000416,               0.000416
