                  epoch,         train/box_loss,         train/cls_loss,         train/dfl_loss,   metrics/precision(B),      metrics/recall(B),       metrics/mAP50(B),    metrics/mAP50-95(B),           val/box_loss,           val/cls_loss,           val/dfl_loss,                 lr/pg0,                 lr/pg1,                 lr/pg2
                      1,                0.69851,                0.64245,                0.95445,                0.62678,                 0.6125,                0.57059,                0.40126,                 1.3016,                 1.4523,                 1.4067,                0.00048,                0.00048,                0.00048
                      2,                0.91046,                0.78481,                 1.0274,                0.64733,                 0.3375,                0.35651,                0.24009,                 1.4513,                 1.7136,                 1.6092,             0.00078596,             0.00078596,             0.00078596
                      3,                 1.0473,                0.97243,                 1.1253,                0.37851,                 0.2375,                0.18143,                0.12898,                 1.2652,                 1.8042,                 1.3937,             0.00089392,             0.00089392,             0.00089392
                      4,                  1.105,                0.98375,                 1.1516,                0.36006,                 0.1875,                0.16937,                0.10674,                  1.134,                 1.7133,                 1.3168,             0.00080388,             0.00080388,             0.00080388
                      5,                 1.1102,                0.99651,                 1.1714,                0.56352,                  0.175,                0.17771,                0.11996,                  1.242,                 1.1953,                 1.3405,               0.000416,               0.000416,               0.000416
