                  epoch,         train/box_loss,         train/cls_loss,         train/dfl_loss,   metrics/precision(B),      metrics/recall(B),       metrics/mAP50(B),    metrics/mAP50-95(B),           val/box_loss,           val/cls_loss,           val/dfl_loss,                 lr/pg0,                 lr/pg1,                 lr/pg2
                      1,                0.96723,                 0.9111,                 1.0809,                 0.5182,                 0.1375,                0.13989,                0.09834,                 1.2516,                 1.1809,                 1.3772,                0.00048,                0.00048,                0.00048
                      2,                 1.3059,                 1.3228,                 1.2805,                0.50343,                 0.0625,                0.05113,                0.03428,                 1.4495,                 1.9931,                 1.4256,             0.00078596,             0.00078596,             0.00078596
                      3,                 1.3491,                 1.3882,                 1.2845,                0.16369,                 0.0625,                0.04391,                0.03393,                 1.3573,                 1.7752,                 1.3529,             0.00089392,             0.00089392,             0.00089392
                      4,                 1.3134,                 1.3342,                 1.2644,                0.27849,                 0.0625,                0.04148,                0.03184,                  1.238,                 1.7234,                 1.3016,             0.00080388,             0.00080388,             0.00080388
                      5,                 1.2327,                 1.1898,                 1.2395,                0.43772,                 0.1875,                0.16162,                0.11155,                 1.1818,                 1.1631,                 1.2997,               0.000416,               0.000416,               0.000416
