                  epoch,         train/box_loss,         train/cls_loss,         train/dfl_loss,   metrics/precision(B),      metrics/recall(B),       metrics/mAP50(B),    metrics/mAP50-95(B),           val/box_loss,           val/cls_loss,           val/dfl_loss,                 lr/pg0,                 lr/pg1,                 lr/pg2
                      1,                 1.4336,                 1.7645,                 1.3548,                 0.5679,                  0.125,                0.11572,                0.06802,                 1.3527,                 2.9087,                 1.4894,                0.00048,                0.00048,                0.00048
                      2,                 1.4359,                 1.6497,                 1.3433,                0.27419,                 0.1125,                0.08017,                0.04011,                  1.463,                 2.8237,                 1.4281,             0.00078596,             0.00078596,             0.00078596
                      3,                 1.4614,                 1.6209,                 1.3501,                0.23965,                  0.125,                0.07444,                0.04152,                  1.478,                 2.2577,                  1.673,             0.00089392,             0.00089392,             0.00089392
                      4,                 1.3997,                 1.5454,                  1.345,                0.35506,                   0.15,                0.08703,                0.04438,                 1.3566,                  2.063,                 1.4348,             0.00080388,             0.00080388,             0.00080388
                      5,                 1.3182,                 1.3823,                 1.2649,                0.46891,                 0.1625,                0.15071,                 0.1105,                  1.202,                 1.3525,                 1.2938,               0.000416,               0.000416,               0.000416
