                  epoch,         train/box_loss,         train/cls_loss,         train/dfl_loss,   metrics/precision(B),      metrics/recall(B),       metrics/mAP50(B),    metrics/mAP50-95(B),           val/box_loss,           val/cls_loss,           val/dfl_loss,                 lr/pg0,                 lr/pg1,                 lr/pg2
                      1,                 1.5306,                 2.2272,                 1.4065,                0.52961,                    0.3,                0.29607,                 0.1824,                 1.4493,                 5.1663,                 1.5291,             0.00065278,             0.00065278,             0.00065278
                      2,                 1.6079,                 1.9183,                 1.4471,                0.17009,                   0.15,                0.06271,                0.02906,                 1.4358,                 5.7474,                  1.668,              0.0010582,              0.0010582,              0.0010582
                      3,                 1.5851,                 1.7679,                 1.4518,                0.22607,                 0.1625,                0.09594,                0.04898,                 1.6261,                 6.2034,                  1.591,              0.0011996,              0.0011996,              0.0011996
                      4,                 1.5483,                 1.6175,                 1.4026,                0.27731,                  0.175,                0.08605,                0.05245,                 1.3086,                 2.5054,                 1.3776,               0.000812,               0.000812,               0.000812
                      5,                 1.4288,                 1.4691,                 1.3464,                0.60789,                 0.1375,                0.13806,                 0.0934,                 1.2277,                 1.3236,                 1.2919,               0.000416,               0.000416,               0.000416
