                  epoch,         train/box_loss,         train/cls_loss,         train/dfl_loss,   metrics/precision(B),      metrics/recall(B),       metrics/mAP50(B),    metrics/mAP50-95(B),           val/box_loss,           val/cls_loss,           val/dfl_loss,                 lr/pg0,                 lr/pg1,                 lr/pg2
                      1,                0.43512,                0.34219,                0.85257,                0.63126,                 0.5778,                0.59109,                0.43728,                 1.2424,                 1.4719,                 1.4287,                0.00048,                0.00048,                0.00048
                      2,                0.92454,                0.76567,                  1.051,                0.83155,                 0.4875,                0.57411,                0.39946,                 1.2439,                 1.4288,                 1.3962,             0.00078596,             0.00078596,             0.00078596
                      3,                 1.0549,                 1.0078,                 1.1325,                0.51596,                  0.175,                0.16282,                0.12016,                 1.3103,                  2.506,                 1.4647,             0.00089392,             0.00089392,             0.00089392
                      4,                 1.1547,                    1.1,                  1.191,                0.65304,                  0.325,                0.31928,                0.20368,                 1.3517,                 1.7183,                 1.4879,             0.00080388,             0.00080388,             0.00080388
                      5,                 1.1408,                 1.0792,                 1.1987,                0.47167,                 0.3375,                0.28721,                0.16111,                 1.3926,                   1.49,                 1.4723,               0.000416,               0.000416,               0.000416
