                  epoch,         train/box_loss,         train/cls_loss,         train/dfl_loss,   metrics/precision(B),      metrics/recall(B),       metrics/mAP50(B),    metrics/mAP50-95(B),           val/box_loss,           val/cls_loss,           val/dfl_loss,                 lr/pg0,                 lr/pg1,                 lr/pg2
                      1,                0.65252,                0.52676,                0.93826,                0.64895,                0.32354,                0.29961,                 0.2077,                 1.2677,                 1.2557,                 1.4708,                0.00048,                0.00048,                0.00048
                      2,                0.96505,                0.81404,                 1.0705,                0.30487,                    0.2,                0.16529,                0.10502,                 1.4882,                 1.8295,                 1.5702,             0.00078596,             0.00078596,             0.00078596
                      3,                 1.0562,                 1.0414,                 1.1261,                 0.5219,                   0.15,                0.13665,                0.08418,                 1.2947,                 1.9406,                 1.4026,             0.00089392,             0.00089392,             0.00089392
                      4,                 1.1116,                 1.0368,                 1.1488,                0.32247,                   0.15,                0.11866,                0.08818,                 1.3342,                 1.5505,                 1.4591,             0.00080388,             0.00080388,             0.00080388
                      5,                 1.1012,                 1.0207,                 1.1708,                0.41204,                 0.1625,                0.14015,                0.09989,                 1.1906,                 1.3178,                 1.2895,               0.000416,               0.000416,               0.000416
