                  epoch,         train/box_loss,         train/cls_loss,         train/dfl_loss,   metrics/precision(B),      metrics/recall(B),       metrics/mAP50(B),    metrics/mAP50-95(B),           val/box_loss,           val/cls_loss,           val/dfl_loss,                 lr/pg0,                 lr/pg1,                 lr/pg2
                      1,                0.87778,                0.79547,                 1.0478,                0.59156,                 0.2875,                0.33197,                0.23831,                 1.2296,                 1.3681,                 1.3928,                0.00048,                0.00048,                0.00048
                      2,                 0.9287,                0.85731,                 1.0589,                  0.728,                0.23429,                0.24491,                0.17139,                 1.4266,                 1.6878,                 1.5764,             0.00078596,             0.00078596,             0.00078596
                      3,                 1.0633,                0.99478,                 1.1172,                0.48775,                  0.175,                0.15929,                0.11685,                  1.288,                 1.2562,                 1.3732,             0.00089392,             0.00089392,             0.00089392
                      4,                 1.1319,                 1.0069,                 1.1559,                0.74374,                    0.2,                0.21499,                0.15245,                 1.2009,                 1.3095,                 1.2971,             0.00080388,             0.00080388,             0.00080388
                      5,                 1.1302,                 1.0037,                  1.179,                0.55393,                   0.25,                0.22114,                0.15873,                 1.1316,                 1.0951,                 1.2272,               0.000416,               0.000416,               0.000416
