                  epoch,         train/box_loss,         train/cls_loss,         train/dfl_loss,   metrics/precision(B),      metrics/recall(B),       metrics/mAP50(B),    metrics/mAP50-95(B),           val/box_loss,           val/cls_loss,           val/dfl_loss,                 lr/pg0,                 lr/pg1,                 lr/pg2
                      1,                0.76908,                0.65397,                0.99101,                0.67747,                  0.325,                0.32587,                0.22907,                 1.3858,                 1.3408,                 1.6421,                0.00048,                0.00048,                0.00048
                      2,                0.95438,                0.81507,                 1.0706,                0.40794,                 0.0625,                0.04797,                0.03319,                  1.308,                 1.3054,                 1.4148,             0.00078596,             0.00078596,             0.00078596
                      3,                 1.0249,                0.94753,                 1.1128,                 0.3889,                 0.1375,                0.10619,                0.07764,                 1.3732,                 1.8332,                 1.5614,             0.00089392,             0.00089392,             0.00089392
                      4,                 1.0865,                0.99992,                 1.1397,                0.33896,                 0.1625,                0.14363,                0.10393,                 1.1574,                 1.0606,                   1.39,             0.00080388,             0.00080388,             0.00080388
                      5,                 1.1157,                 1.0064,                 1.1646,                0.56217,                   0.25,                0.25932,                0.18182,                 1.1781,                 1.1104,                 1.2954,               0.000416,               0.000416,               0.000416
