                  epoch,         train/box_loss,         train/cls_loss,         train/dfl_loss,   metrics/precision(B),      metrics/recall(B),       metrics/mAP50(B),    metrics/mAP50-95(B),           val/box_loss,           val/cls_loss,           val/dfl_loss,                 lr/pg0,                 lr/pg1,                 lr/pg2
                      1,                0.43947,                0.33908,                0.84949,                0.74677,                   0.55,                0.59134,                0.39986,                 1.2995,                 1.4594,                 1.4373,                0.00048,                0.00048,                0.00048
                      2,                 0.9132,                0.75334,                 1.0442,                0.37642,                 0.1375,                0.11205,                0.07531,                 1.4577,                 1.7711,                 1.5687,             0.00078596,             0.00078596,             0.00078596
                      3,                 1.1012,                 1.0085,                 1.1529,                0.45848,                  0.125,                 0.1027,                 0.0624,                 1.2336,                 2.2343,                 1.3736,             0.00089392,             0.00089392,             0.00089392
                      4,                 1.1353,                 1.0604,                 1.1686,                0.36106,                   0.15,                0.12234,                0.08208,                 1.3259,                 1.4425,                   1.48,             0.00080388,             0.00080388,             0.00080388
                      5,                  1.148,                 1.0298,                 1.1976,                0.60601,                 0.4625,                0.41393,                0.28607,                  1.194,                 1.2195,                 1.3385,               0.000416,               0.000416,               0.000416
