                  epoch,         train/box_loss,         train/cls_loss,         train/dfl_loss,   metrics/precision(B),      metrics/recall(B),       metrics/mAP50(B),    metrics/mAP50-95(B),           val/box_loss,           val/cls_loss,           val/dfl_loss,                 lr/pg0,                 lr/pg1,                 lr/pg2
                      1,                0.47987,                 0.4079,                0.86588,                0.81913,                0.62274,                0.67776,                0.49272,                 1.2142,                 1.3117,                 1.4315,                0.00048,                0.00048,                0.00048
                      2,                0.81634,                0.64484,                 1.0006,                 0.7031,                 0.1375,                0.15582,                0.10758,                 1.2272,                 1.2046,                  1.442,             0.00078596,             0.00078596,             0.00078596
                      3,                 0.9533,                0.83543,                 1.0813,                0.57984,                 0.4375,                0.40231,                0.28788,                 1.2754,                 1.5736,                 1.3663,             0.00089392,             0.00089392,             0.00089392
                      4,                 1.0505,                0.91295,                 1.1134,                0.74431,                  0.575,                 0.6377,                0.44414,                 1.2224,                 1.2919,                 1.3981,             0.00080388,             0.00080388,             0.00080388
                      5,                 1.0895,                0.91418,                 1.1623,                0.71633,                    0.6,                0.56134,                0.39325,                 1.2571,                 1.1632,                   1.44,               0.000416,               0.000416,               0.000416
