                  epoch,         train/box_loss,         train/cls_loss,         train/dfl_loss,   metrics/precision(B),      metrics/recall(B),       metrics/mAP50(B),    metrics/mAP50-95(B),           val/box_loss,           val/cls_loss,           val/dfl_loss,                 lr/pg0,                 lr/pg1,                 lr/pg2
                      1,                0.48203,                0.37473,                0.86634,                0.61688,                    0.4,                0.41092,                0.28684,                 1.3125,                 1.3433,                  1.507,                0.00048,                0.00048,                0.00048
                      2,                0.91913,                0.74869,                 1.0474,                0.55032,                 0.4125,                0.39333,                0.25544,                 1.5958,                  1.867,                 1.5406,             0.00078596,             0.00078596,             0.00078596
                      3,                 1.0796,                0.99079,                 1.1434,                0.44712,                0.26284,                0.24758,                 0.1623,                 1.3391,                 2.0226,                 1.3923,             0.00089392,             0.00089392,             0.00089392
                      4,                  1.131,                 1.0299,                   1.17,                0.39243,                  0.075,                0.06461,                0.03828,                 1.3812,                 1.5788,                 1.5532,             0.00080388,             0.00080388,             0.00080388
                      5,                 1.1457,                 1.0546,                 1.1988,                0.44791,                 0.1625,                0.15495,                0.10526,                  1.331,                 1.2868,                 1.4801,               0.000416,               0.000416,               0.000416
