                  epoch,         train/box_loss,         train/cls_loss,         train/dfl_loss,   metrics/precision(B),      metrics/recall(B),       metrics/mAP50(B),    metrics/mAP50-95(B),           val/box_loss,           val/cls_loss,           val/dfl_loss,                 lr/pg0,                 lr/pg1,                 lr/pg2
                      1,                 0.4622,                0.36117,                0.85845,                0.71271,                    0.6,                0.63178,                0.42874,                 1.2521,                 1.3915,                 1.4374,                0.00048,                0.00048,                0.00048
                      2,                0.90585,                0.76593,                 1.0455,                0.63929,                  0.575,                0.58108,                0.40554,                 1.2524,                  1.667,                 1.4439,             0.00078596,             0.00078596,             0.00078596
                      3,                 1.0685,                0.95905,                  1.143,                0.36685,                 0.1625,                0.12007,                0.07621,                 1.4725,                 2.0268,                 1.5311,             0.00089392,             0.00089392,             0.00089392
                      4,                 1.1245,                 1.0241,                 1.1723,                0.60526,                0.30674,                0.33883,                0.22893,                 1.2168,                 1.4707,                 1.3528,             0.00080388,             0.00080388,             0.00080388
                      5,                 1.1346,                0.99683,                 1.1839,                0.59192,                 0.3625,                0.36677,                0.23552,                 1.1672,                 1.2695,                 1.2631,               0.000416,               0.000416,               0.000416
