                  epoch,         train/box_loss,         train/cls_loss,         train/dfl_loss,   metrics/precision(B),      metrics/recall(B),       metrics/mAP50(B),    metrics/mAP50-95(B),           val/box_loss,           val/cls_loss,           val/dfl_loss,                 lr/pg0,                 lr/pg1,                 lr/pg2
                      1,                0.43993,                 0.3435,                0.84554,                0.71036,                  0.625,                0.63605,                0.44716,                 1.1585,                  1.531,                 1.3216,                0.00048,                0.00048,                0.00048
                      2,                0.86121,                0.69545,                  1.011,                0.60994,                 0.5875,                 0.5723,                0.38922,                 1.3828,                 1.3272,                 1.5159,             0.00078596,             0.00078596,             0.00078596
                      3,                0.98132,                0.85395,                 1.0906,                0.55474,                 0.5625,                0.54223,                0.35673,                 1.2824,                 1.9153,                  1.392,             0.00089392,             0.00089392,             0.00089392
                      4,                 1.0917,                 0.9624,                 1.1337,                0.68205,                   0.45,                0.44599,                0.31455,                 1.1333,                 1.7251,                 1.2943,             0.00080388,             0.00080388,             0.00080388
                      5,                 1.0964,                0.94248,                 1.1594,                0.71581,                0.62972,                0.67257,                0.46454,                 1.2655,                 1.3261,                 1.3789,               0.000416,               0.000416,               0.000416
