                  epoch,         train/box_loss,         train/cls_loss,         train/dfl_loss,   metrics/precision(B),      metrics/recall(B),       metrics/mAP50(B),    metrics/mAP50-95(B),           val/box_loss,           val/cls_loss,           val/dfl_loss,                 lr/pg0,                 lr/pg1,                 lr/pg2
                      1,                 1.0155,                0.93134,                 1.1221,                0.45815,                  0.125,                0.13154,                0.09556,                 1.2454,                 1.2443,                 1.4145,                0.00048,                0.00048,                0.00048
                      2,                 1.0535,                0.97679,                 1.1345,                0.25452,                   0.05,                0.03483,                0.01941,                 1.8954,                 1.9713,                 1.8375,             0.00078596,             0.00078596,             0.00078596
                      3,                 1.1852,                 1.1402,                  1.193,                0.32918,                  0.075,                0.04633,                0.03308,                 1.2494,                 1.6839,                 1.3799,             0.00089392,             0.00089392,             0.00089392
                      4,                 1.1944,                 1.1558,                 1.1998,                0.34675,                    0.1,                0.07459,                0.05414,                 1.4797,                 1.2812,                 1.5925,             0.00080388,             0.00080388,             0.00080388
                      5,                 1.1665,                 1.0802,                  1.201,                0.41084,                 0.1875,                0.14431,                0.10292,                 1.3024,                 1.2013,                 1.4974,               0.000416,               0.000416,               0.000416
