                  epoch,         train/box_loss,         train/cls_loss,         train/dfl_loss,   metrics/precision(B),      metrics/recall(B),       metrics/mAP50(B),    metrics/mAP50-95(B),           val/box_loss,           val/cls_loss,           val/dfl_loss,                 lr/pg0,                 lr/pg1,                 lr/pg2
                      1,                 0.6147,                0.59919,                 0.9243,                0.85262,                0.57857,                0.65591,                0.46907,                   1.24,                 1.3513,                 1.4228,                0.00048,                0.00048,                0.00048
                      2,                  0.825,                 0.6694,                 1.0001,                0.70054,                    0.5,                0.58991,                0.42728,                 1.2576,                 1.3757,                 1.3823,             0.00078596,             0.00078596,             0.00078596
                      3,                0.94372,                0.81347,                 1.0696,                0.58915,                0.53775,                0.50499,                0.31974,                 1.3698,                 1.3818,                 1.4939,             0.00089392,             0.00089392,             0.00089392
                      4,                 1.0478,                0.89843,                 1.1122,                0.74745,                 0.3125,                0.35625,                0.24821,                 1.3142,                 1.6465,                 1.4881,             0.00080388,             0.00080388,             0.00080388
                      5,                 1.0912,                0.89948,                  1.157,                0.72429,                 0.5125,                0.54237,                0.39533,                 1.2425,                 1.1859,                 1.3922,               0.000416,               0.000416,               0.000416
