                  epoch,         train/box_loss,         train/cls_loss,         train/dfl_loss,   metrics/precision(B),      metrics/recall(B),       metrics/mAP50(B),    metrics/mAP50-95(B),           val/box_loss,           val/cls_loss,           val/dfl_loss,                 lr/pg0,                 lr/pg1,                 lr/pg2
                      1,                0.44534,                0.36054,                0.85279,                0.66093,                   0.65,                0.65068,                0.46225,                 1.2437,                 1.2383,                 1.3972,                0.00048,                0.00048,                0.00048
                      2,                0.85382,                0.67848,                 1.0119,                0.66975,                  0.475,                0.58652,                0.40415,                 1.2195,                 1.4483,                 1.3814,             0.00078596,             0.00078596,             0.00078596
                      3,                0.95179,                0.83085,                 1.0734,                0.37804,                  0.175,                0.15119,                0.10514,                 1.3701,                 1.5434,                 1.3955,             0.00089392,             0.00089392,             0.00089392
                      4,                 1.0514,                0.90597,                 1.1145,                0.71146,                0.55483,                0.55827,                0.37249,                 1.2922,                 1.6393,                 1.3963,             0.00080388,             0.00080388,             0.00080388
                      5,                 1.0733,                0.91105,                 1.1497,                0.81015,                   0.35,                0.39138,                0.26953,                 1.2001,                 1.2936,                 1.3248,               0.000416,               0.000416,               0.000416
