                  epoch,         train/box_loss,         train/cls_loss,         train/dfl_loss,   metrics/precision(B),      metrics/recall(B),       metrics/mAP50(B),    metrics/mAP50-95(B),           val/box_loss,           val/cls_loss,           val/dfl_loss,                 lr/pg0,                 lr/pg1,                 lr/pg2
                      1,                0.58001,                0.49715,                0.90348,                0.61388,                0.63595,                 0.5649,                0.40832,                 1.1436,                 1.5116,                 1.3369,                0.00048,                0.00048,                0.00048
                      2,                0.90852,                 0.7459,                 1.0372,                0.58429,                  0.375,                0.34172,                0.23786,                 1.4295,                 1.6101,                 1.4946,             0.00078596,             0.00078596,             0.00078596
                      3,                 1.0638,                0.99195,                 1.1481,                0.44432,                  0.125,                0.11701,                0.08017,                 1.3903,                  1.745,                 1.4464,             0.00089392,             0.00089392,             0.00089392
                      4,                 1.0994,                   1.04,                 1.1383,                0.53432,                   0.25,                0.25495,                0.16761,                 1.4326,                  1.501,                 1.4917,             0.00080388,             0.00080388,             0.00080388
                      5,                 1.1044,                0.99178,                  1.174,                0.67643,                  0.375,                0.38909,                0.27432,                 1.3314,                 1.1028,                 1.4667,               0.000416,               0.000416,               0.000416
